fixture,tool,format,raster_density,primary,previous_median_ms,current_median_ms,latency_change_percent,speedup,previous_width,previous_height,current_width,current_height,output_unchanged
basic_002,d2-dagre,png,2.0,True,21.152208,21.9755625,3.892522709685897,0.9625331774783923,624,868,624,868,True
basic_002,d2-dagre,svg,,True,17.6383545,18.893625,7.116709781516195,0.9335611615028878,,,,,True
basic_002,d2-tala,png,2.0,True,26.8314165,28.246958499999998,5.2756886689154125,0.9498869232239642,624,968,624,968,True
basic_002,d2-tala,svg,,True,20.924875,22.0908545,5.572217277283609,0.9472189045471283,,,,,True
basic_002,mermaid-dagre,png,2.0,True,404.014625,411.0566455,1.7430112833167755,0.982868491296536,286,348,286,348,True
basic_002,mermaid-dagre,svg,,True,368.755604,394.8532285,7.0772143438395,0.9339055055997851,142.4375,174,142.4375,174,True
basic_002,graphviz-dot,png,2.0,True,68.55152100000001,68.410625,-0.2055330034179903,1.0020595631161098,298,384,298,384,True
basic_002,graphviz-dot,svg,,True,66.5888955,69.17902050000001,3.8897251269169875,0.9625590969447161,112pt,144pt,112pt,144pt,True
basic_002,plantuml-dot,png,2.0,True,905.7279165,904.3733545,-0.14955506784359862,1.001497790700334,213,305,213,305,True
basic_002,plantuml-dot,svg,,True,856.75525,865.7886874999999,1.0543778401124415,0.9895662329267846,107px,153px,107px,153px,True
basic_010,d2-dagre,png,2.0,True,41.262603999999996,42.848020500000004,3.842259931050429,0.9629990725009103,1986,1532,1986,1532,True
basic_010,d2-dagre,svg,,True,18.394666,19.7635,7.441472435541918,0.9307392921294305,,,,,True
basic_010,d2-tala,png,2.0,True,38.062271,39.8658955,4.738615044803818,0.9547577076250552,1746,1532,1746,1532,True
basic_010,d2-tala,svg,,True,22.439312,22.649479499999998,0.936604027788368,0.9907208684420321,,,,,True
basic_010,mermaid-dagre,png,2.0,True,415.93327050000005,469.33225000000004,12.838352516452511,0.8862235026465792,1698,764,1698,764,True
basic_010,mermaid-dagre,svg,,True,369.366604,388.541041,5.19116693072772,0.9506501631059355,848.1875,382,848.1875,382,True
basic_010,graphviz-dot,png,2.0,True,87.5723955,91.82277099999999,4.853556278473614,0.9537110952576242,1301,768,1301,768,True
basic_010,graphviz-dot,svg,,True,65.69475,71.70375,9.146849634103171,0.9161968516290989,488pt,288pt,488pt,288pt,True
basic_010,plantuml-dot,png,2.0,True,951.4869795,981.719292,3.1773753242411162,0.9692047281271111,1189,691,1189,691,True
basic_010,plantuml-dot,svg,,True,854.9406035,877.329875,2.618810173284758,0.9744802130441528,595px,346px,595px,346px,True
basic_100,d2-dagre,png,2.0,True,468.1280415,540.8031040000001,15.524612084149215,0.8656164101824385,16782,2528,16782,2528,True
basic_100,d2-dagre,svg,,True,27.6678335,32.360271,16.95990219111301,0.8549938750512937,,,,,True
basic_100,d2-tala,png,2.0,True,392.3440415,380.2938335,-3.0713370729245515,1.0316865721673607,15832,2528,15832,2528,True
basic_100,d2-tala,svg,,True,127.4256665,104.957021,-17.632747088672286,1.214074725882321,,,,,True
basic_100,mermaid-dagre,png,2.0,True,748.0990625,805.523292,7.676019444283155,0.9287118944041658,17576,1388,17576,1388,True
basic_100,mermaid-dagre,svg,,True,506.75627099999997,523.703896,3.3443345390786527,0.9676389174695007,8787.875,694,8787.875,694,True
basic_100,graphviz-dot,png,2.0,True,317.85785450000003,323.21472900000003,1.6853050582709361,0.9834262673716209,12330,1344,12330,1344,True
basic_100,graphviz-dot,svg,,True,68.684146,72.013729,4.847673289844789,0.9537646078569268,4624pt,504pt,4624pt,504pt,True
basic_100,plantuml-dot,png,2.0,True,1339.1804579999998,1361.8987084999999,1.6964293620240545,0.9833186929701827,11925,1270,11925,1270,True
basic_100,plantuml-dot,svg,,True,929.6461039999999,946.389417,1.801041592919983,0.9823082203802792,5963px,636px,5963px,636px,True
fulcro_rad,d2-dagre,png,2.0,True,149.20325,136.136979,-8.757363529279694,1.0959788522999323,2702,5514,2702,5514,True
fulcro_rad,d2-dagre,svg,,True,27.1618545,29.252854,7.698294311973419,0.9285198121181613,,,,,True
fulcro_rad,d2-tala,png,2.0,True,238.665875,262.7330415,10.084041759216733,0.908396879347206,4358,3306,4358,3306,True
fulcro_rad,d2-tala,svg,,True,127.001,136.2605415,7.290920150235025,0.9320453199578692,,,,,True
fulcro_rad,mermaid-dagre,png,2.0,True,535.4213125,583.6965625,9.01631087014303,0.9172939278702708,2912,3736,2912,3736,True
fulcro_rad,mermaid-dagre,svg,,True,394.3909375,441.9605835,12.061546419280988,0.8923667680423362,1455.828125,1868,1455.828125,1868,True
fulcro_rad,graphviz-dot,png,2.0,True,209.1227295,212.6924585,1.7070019163077044,0.9832164759146832,2923,2301,2923,2301,True
fulcro_rad,graphviz-dot,svg,,True,80.3060835,79.93983349999999,-0.456067565541296,1.0045815707134291,1096pt,863pt,1096pt,863pt,True
fulcro_rad,plantuml-dot,png,2.0,True,1196.030062,1242.5224994999999,3.8872298428900054,0.9625822168059663,2588,2291,2588,2291,True
fulcro_rad,plantuml-dot,svg,,True,887.727396,921.723146,3.8295258379071218,0.9631171787889549,1295px,1146px,1295px,1146px,True
jupyter_aws_eks,d2-dagre,png,2.0,True,103.7315625,100.6888125,-2.933292362196893,1.0302193453716617,3048,2812,3048,2812,True
jupyter_aws_eks,d2-dagre,svg,,True,22.468895500000002,22.788208,1.4211312701151613,0.9859878187876818,,,,,True
jupyter_aws_eks,d2-tala,png,2.0,True,117.670875,120.4397915,2.353102668778484,0.9770099527281231,2604,3824,2604,3824,True
jupyter_aws_eks,d2-tala,svg,,True,29.639833,31.0626665,4.800409975319364,0.9541947404933829,,,,,True
jupyter_aws_eks,mermaid-dagre,png,2.0,True,516.7412915,554.3732295,7.2825490470795895,0.9321180461149955,3592,2704,3592,2704,True
jupyter_aws_eks,mermaid-dagre,svg,,True,399.851229,448.583979,12.187720448397066,0.8913631509786933,1795.5625,1352,1795.5625,1352,True
jupyter_aws_eks,graphviz-dot,png,2.0,True,171.47397899999999,175.6010625,2.406827860453409,0.9764973887900021,2840,2082,2840,2082,True
jupyter_aws_eks,graphviz-dot,svg,,True,77.4870205,78.135771,0.8372376377538071,0.9916971383055783,1065pt,781pt,1065pt,781pt,True
jupyter_aws_eks,plantuml-dot,png,2.0,True,1163.3594375,1210.599625,4.060669985324306,0.9609778604548964,2720,2058,2720,2058,True
jupyter_aws_eks,plantuml-dot,svg,,True,879.088083,890.5130624999999,1.2996399019550742,0.9871703403564617,1361px,1030px,1361px,1030px,True
jupyter_k8s_oidc,d2-dagre,png,2.0,True,126.2723125,126.243208,-0.02304899579629316,1.0002305430958314,3784,2830,3784,2830,True
jupyter_k8s_oidc,d2-dagre,svg,,True,21.191375,21.3079375,0.550046894078382,0.9945296207105919,,,,,True
jupyter_k8s_oidc,d2-tala,png,2.0,True,127.5090625,131.13010400000002,2.839830698308221,0.9723858870728874,3904,2830,3904,2830,True
jupyter_k8s_oidc,d2-tala,svg,,True,34.691271,33.923979,-2.2117725234108487,1.0226179835802869,,,,,True
jupyter_k8s_oidc,mermaid-dagre,png,2.0,True,662.182896,712.4565210000001,7.592105640856062,0.9294362202911186,4410,4624,4410,4624,True
jupyter_k8s_oidc,mermaid-dagre,svg,,True,432.5377085,458.3432915,5.966088619068932,0.943698133083726,2204.921875,2312,2204.921875,2312,True
jupyter_k8s_oidc,graphviz-dot,png,2.0,True,299.293146,302.0411045,0.9181494921370659,0.9909020379707953,2572,3971,2572,3971,True
jupyter_k8s_oidc,graphviz-dot,svg,,True,78.22981250000001,80.5563335,2.9739570192629294,0.9711193285627878,965pt,1489pt,965pt,1489pt,True
jupyter_k8s_oidc,plantuml-dot,png,2.0,True,1247.394125,1269.032625,1.7346963214212696,0.9829488229272277,4070,1794,4070,1794,True
jupyter_k8s_oidc,plantuml-dot,svg,,True,885.2748750000001,919.6924795,3.887787338367632,0.9625770512783671,2036px,898px,2036px,898px,True
leios_simulator,d2-dagre,png,2.0,True,239.019354,249.7732705,4.4991823130774655,0.9569452869057099,4776,3690,4776,3690,True
leios_simulator,d2-dagre,svg,,True,24.228624500000002,25.937333,7.052437087379837,0.9341216577664327,,,,,True
leios_simulator,d2-tala,png,2.0,True,295.038187,303.2272915,2.7756083316767377,0.9729935110408755,5756,3748,5756,3748,True
leios_simulator,d2-tala,svg,,True,43.104833,42.245875,-1.9927185427211835,1.0203323519751928,,,,,True
leios_simulator,mermaid-dagre,png,2.0,True,651.44,682.5234164999999,4.771493383887981,0.954458095138484,3090,5836,3090,5836,True
leios_simulator,mermaid-dagre,svg,,True,408.643937,430.86512500000003,5.4377872734717725,0.9484265801275978,1544.5263671875,2918,1544.5263671875,2918,True
leios_simulator,graphviz-dot,png,2.0,True,309.11504149999996,326.985271,5.781093476811616,0.9453485184658362,6386,2335,6386,2335,True
leios_simulator,graphviz-dot,svg,,True,77.177417,78.820938,2.129536156930456,0.9791486749371088,2395pt,876pt,2395pt,876pt,True
leios_simulator,plantuml-dot,png,2.0,True,1219.6883335000002,1309.3759375,7.35332146226515,0.9315035495678645,4939,2302,4939,2302,True
leios_simulator,plantuml-dot,svg,,True,903.8696045,911.442375,0.837816700804872,0.9916914434661874,2470px,1152px,2470px,1152px,True
lion_reader_frontend,d2-dagre,png,2.0,True,409.856396,416.6601665,1.6600376537737382,0.9836706960563268,7156,6370,7156,6370,True
lion_reader_frontend,d2-dagre,svg,,True,28.836271,30.2474795,4.89386613130387,0.9533445919022773,,,,,True
lion_reader_frontend,d2-tala,png,2.0,True,337.936583,354.468604,4.892048340324262,0.9533611134711382,4014,6550,4014,6550,True
lion_reader_frontend,d2-tala,svg,,True,103.835021,107.4228545,3.4553212061275485,0.9666008363238942,,,,,True
lion_reader_frontend,mermaid-dagre,png,2.0,True,635.9529585,661.2606665000001,3.9794937128199592,0.9617280910810079,4942,3598,4942,3598,True
lion_reader_frontend,mermaid-dagre,svg,,True,418.1186665,446.20289549999995,6.716808229368998,0.9370595097359695,2470.7734375,1799,2470.7734375,1799,True
lion_reader_frontend,graphviz-dot,png,2.0,True,289.14437499999997,297.63975,2.9381083412049813,0.9714575254145321,4369,2403,4369,2403,True
lion_reader_frontend,graphviz-dot,svg,,True,76.8505205,77.87997899999999,1.3395595674592586,0.9867814743504234,1638pt,901pt,1638pt,901pt,True
lion_reader_frontend,plantuml-dot,png,2.0,True,1280.4601665,1311.0402295,2.3882088486662623,0.9766749621316636,3541,2250,3541,2250,True
lion_reader_frontend,plantuml-dot,svg,,True,893.149083,903.3177705,1.1385207345054216,0.9887429564300816,1771px,1126px,1771px,1126px,True
mocha_soc,d2-dagre,png,2.0,True,427.223208,443.763125,3.8714930954780957,0.962728050015422,12382,3976,12382,3976,True
mocha_soc,d2-dagre,svg,,True,30.358375000000002,30.186688,-0.565534222434505,1.0056875070229634,,,,,True
mocha_soc,d2-tala,png,2.0,True,448.131396,423.40202050000005,-5.518331391358244,1.0584063710201401,5472,5022,5136,4862,False
mocha_soc,d2-tala,svg,,True,219.7628755,234.5454995,6.726624761514821,0.9369733206072454,,,,,False
mocha_soc,mermaid-dagre,png,2.0,True,857.7344370000001,870.776771,1.5205561811901358,0.985022184290674,11722,3702,11722,3702,True
mocha_soc,mermaid-dagre,svg,,True,414.5221665,417.3225835,0.6755771406979694,0.993289562772967,5860.640625,1851,5860.640625,1851,True
mocha_soc,graphviz-dot,png,2.0,True,511.8792085,523.963521,2.360774241136232,0.976936729341507,6948,3210,6948,3210,True
mocha_soc,graphviz-dot,svg,,True,67.499063,67.8745,0.556210683991254,0.9944686590693119,2606pt,1204pt,2606pt,1204pt,True
mocha_soc,plantuml-dot,png,2.0,True,1979.1421045000002,2021.8431249999999,2.15755202230854,0.9788801514954333,9292,2965,9292,2965,True
mocha_soc,plantuml-dot,svg,,True,890.6250215,928.245729,4.224079336625741,0.95947117630099,4647px,1483px,4647px,1483px,True
queue_workers,d2-dagre,png,2.0,True,538.1244375,560.2675835,4.114874638080335,0.9604775527763512,8000,3452,8000,3452,True
queue_workers,d2-dagre,svg,,True,28.031520999999998,28.199208,0.5982087094025257,0.9940534854737764,,,,,True
queue_workers,d2-tala,png,2.0,True,705.4667085,701.3367920000001,-0.5854162145767505,1.0058886351708751,4982,5668,5906,4498,False
queue_workers,d2-tala,svg,,True,222.396542,219.612667,-1.2517618192103064,1.0126762952157036,,,,,False
queue_workers,mermaid-dagre,png,2.0,True,568.428,608.5475005,7.057974009021373,0.9340733460131927,4568,2016,4568,2016,True
queue_workers,mermaid-dagre,svg,,True,427.8364375,452.8867915,5.855124015705182,0.9446873822108366,2283.43603515625,1007.14208984375,2283.43603515625,1007.14208984375,True
queue_workers,graphviz-dot,png,2.0,True,313.153604,315.794354,0.843276260042658,0.9916377542329334,5494,2003,5494,2003,True
queue_workers,graphviz-dot,svg,,True,78.416125,80.082479,2.1250144660935666,0.9791920277592804,2060pt,751pt,2060pt,751pt,True
queue_workers,plantuml-dot,png,2.0,True,1121.7765415,1187.315021,5.842382780831223,0.9448011030427282,4681,1372,4681,1372,True
queue_workers,plantuml-dot,svg,,True,895.7021255,910.011375,1.5975455558969953,0.984275746553168,2341px,687px,2341px,687px,True
ross_overview,d2-dagre,png,2.0,True,446.333396,505.00545850000003,13.1453444949031,0.8838189538103775,5392,7078,5392,7078,True
ross_overview,d2-dagre,svg,,True,25.801604,26.0612915,1.0064781243832588,0.990035509176512,,,,,True
ross_overview,d2-tala,png,2.0,True,469.2343125,459.9030205,-1.988620983466538,1.0202896949662454,3602,7738,3148,8258,False
ross_overview,d2-tala,svg,,True,124.060063,113.74229199999999,-8.316754602970022,1.0907118259934485,,,,,False
ross_overview,mermaid-dagre,png,2.0,True,521.507417,538.0651045,3.1749668288993727,0.9692273530442264,5158,1754,5158,1754,True
ross_overview,mermaid-dagre,svg,,True,390.8419585,419.2333335,7.264157387032455,0.9322778683580034,2578.828125,877,2578.828125,877,True
ross_overview,graphviz-dot,png,2.0,True,205.27018750000002,209.6821035,2.149321366990997,0.9789590245120753,5857,1520,5857,1520,True
ross_overview,graphviz-dot,svg,,True,81.64156249999999,77.6015,-4.948536476136145,1.0520616547360553,2196pt,570pt,2196pt,570pt,True
ross_overview,plantuml-dot,png,2.0,True,1142.372104,1205.418979,5.518943851941249,0.947697127639136,2753,1646,2753,1646,True
ross_overview,plantuml-dot,svg,,True,881.775042,920.720729,4.416737279347949,0.9577008687071712,1377px,824px,1377px,824px,True
spyre_encoder,d2-dagre,png,2.0,True,322.38379150000003,332.15420800000004,3.030678575538759,0.9705846975149567,3988,6098,3988,6098,True
spyre_encoder,d2-dagre,svg,,True,34.638208500000005,33.6188955,-2.9427416836526166,1.0303196456885386,,,,,True
spyre_encoder,d2-tala,png,2.0,True,397.065521,437.7914585,10.256729770299033,0.9069741158506408,4228,6436,4228,6436,True
spyre_encoder,d2-tala,svg,,True,86.6232085,93.1987915,7.5910175966294124,0.929445619474583,,,,,True
spyre_encoder,mermaid-dagre,png,2.0,True,1712.477104,1831.6972085,6.961851006447084,0.9349127661784064,12534,6970,12534,6970,True
spyre_encoder,mermaid-dagre,svg,,True,454.7965,473.7800625,4.1740784064960845,0.959931698265585,6266.15625,3485,6266.15625,3485,True
spyre_encoder,graphviz-dot,png,2.0,True,1535.546562,1596.8655625000001,3.9933012790008826,0.9616003989690897,23427,3304,23427,3304,True
spyre_encoder,graphviz-dot,svg,,True,98.534709,105.39512500000001,6.962435947316803,0.9349076534612013,8785pt,1239pt,8785pt,1239pt,True
spyre_encoder,plantuml-dot,png,2.0,True,3417.4123965,3596.4946879999998,5.240289163912726,0.9502064351443302,19732,3332,19732,3332,True
spyre_encoder,plantuml-dot,svg,,True,939.209979,996.383646,6.087421160162099,0.9426188223486759,9867px,1667px,9867px,1667px,True
tpmjs_architecture,d2-dagre,png,0.5,False,367.128375,305.807312,-16.70289391279004,1.200521899227838,7464,2604,7464,2604,True
tpmjs_architecture,d2-dagre,svg,,True,121.7910205,93.3818545,-23.32615810539168,1.3042257636894543,,,,,True
tpmjs_architecture,d2-tala,png,0.5,False,3634.1940004999997,2894.362708,-20.357506847411344,1.2556111196620625,3226,5238,3184,3950,False
tpmjs_architecture,d2-tala,svg,,True,3464.9238125,2736.897125,-21.01133320373694,1.2660044036182032,,,,,False
tpmjs_architecture,mermaid-dagre,png,0.5,False,802.5803745000001,854.815479,6.508395440461889,0.9388931228045767,7472,1717,7472,1717,True
tpmjs_architecture,mermaid-dagre,svg,,True,630.5623545000001,662.3117085,5.035085550766083,0.9520628223953557,14942.671875,3433,14942.671875,3433,True
tpmjs_architecture,graphviz-dot,png,0.5,False,187.336646,197.776479,5.572766045998279,0.9472139808900127,5191,1228,5191,1228,True
tpmjs_architecture,graphviz-dot,svg,,True,78.930125,82.1703125,4.1051341297128285,0.960567419042005,7787pt,1843pt,7787pt,1843pt,True
tpmjs_architecture,plantuml-dot,png,0.5,False,1387.0015,1405.5721455,1.3389059420627847,0.9867878389882336,5205,1483,5205,1483,True
tpmjs_architecture,plantuml-dot,svg,,True,980.8164165000001,990.8429585,1.0222649041478293,0.9898807960292934,10412px,2968px,10412px,2968px,True
