fixture,category,node_count,group,tool,format,raster_density,primary,eligible,expected_measured,measured_attempts,successes,failures,missing_measurements,median_ms,ci95_low_ms,ci95_high_ms,min_ms,q25_ms,q75_ms,p95_ms,max_ms,measured_output_hash_count,output_stable,output
basic_002,basic,2,basic-2-png-primary,d2-dagre,png,2.0,True,True,20,20,20,0,0,20.017729,19.765396000000003,20.6722295,18.764375,19.721989999999998,20.82849,22.1298274,22.88575,1,True,renders/d2-dagre/basic_002.png
basic_002,basic,2,basic-2-svg,d2-dagre,svg,,True,True,20,20,20,0,0,17.179979,16.949125,17.452875,16.416916,16.89492675,17.524281249999998,18.3164729,20.669583,1,True,renders/d2-dagre/basic_002.svg
basic_002,basic,2,basic-2-png-primary,d2-dagre-previous,png,2.0,True,True,20,20,20,0,0,20.760375,20.4741665,21.7949165,19.719208,20.437468499999998,21.908635,23.772154500000013,44.413042,1,True,renders/d2-dagre-previous/basic_002.png
basic_002,basic,2,basic-2-svg,d2-dagre-previous,svg,,True,True,20,20,20,0,0,17.3285625,17.0143955,17.642505200000002,16.594958,17.00330175,17.839458,19.9656503,21.311958,1,True,renders/d2-dagre-previous/basic_002.svg
basic_002,basic,2,basic-2-png-primary,d2-tala,png,2.0,True,True,20,20,20,0,0,25.05075,24.50875,26.1337915,23.332584,24.254281749999997,26.36847925,28.549264600000015,50.665542,1,True,renders/d2-tala/basic_002.png
basic_002,basic,2,basic-2-svg,d2-tala,svg,,True,True,20,20,20,0,0,21.1908955,20.7431875,21.8763755,19.570416,20.63296875,22.366219,26.2462952,27.676125,1,True,renders/d2-tala/basic_002.svg
basic_002,basic,2,basic-2-png-primary,d2-tala-previous,png,2.0,True,True,20,20,20,0,0,24.9301665,24.348208,25.4769585,23.568916,24.25952075,25.5730625,34.60896810000005,96.112958,1,True,renders/d2-tala-previous/basic_002.png
basic_002,basic,2,basic-2-svg,d2-tala-previous,svg,,True,True,20,20,20,0,0,21.464875,20.546833499999998,21.84375,20.23625,20.54032325,21.963812750000002,25.444362150000003,32.349041,1,True,renders/d2-tala-previous/basic_002.svg
basic_010,basic,10,basic-10-png-primary,d2-dagre,png,2.0,True,True,20,20,20,0,0,41.159791999999996,40.548666499999996,42.3628955,39.800333,40.40425,42.771479,43.4437444,44.038167,1,True,renders/d2-dagre/basic_010.png
basic_010,basic,10,basic-10-svg,d2-dagre,svg,,True,True,20,20,20,0,0,17.9118955,17.6529375,18.508312,16.7215,17.522969000000003,18.91416625,19.85652675,20.589333,1,True,renders/d2-dagre/basic_010.svg
basic_010,basic,10,basic-10-png-primary,d2-dagre-previous,png,2.0,True,True,20,20,20,0,0,41.954875,41.3501665,43.568789937499965,40.571375,41.202739750000006,43.96979225,81.47129165000001,98.828583,1,True,renders/d2-dagre-previous/basic_010.png
basic_010,basic,10,basic-10-svg,d2-dagre-previous,svg,,True,True,20,20,20,0,0,18.149292,17.732645499999997,18.5595835,16.866833,17.6862495,18.68755225,20.75253365,21.830625,1,True,renders/d2-dagre-previous/basic_010.svg
basic_010,basic,10,basic-10-png-primary,d2-tala,png,2.0,True,True,20,20,20,0,0,37.098791500000004,36.236166999999995,38.3681665,35.542042,36.1724795,39.087239749999995,45.21400655000002,76.064583,1,True,renders/d2-tala/basic_010.png
basic_010,basic,10,basic-10-svg,d2-tala,svg,,True,True,20,20,20,0,0,20.772896000000003,20.309354499999998,21.722979000000002,19.618917,20.244688,21.879896000000002,27.572789600000057,105.278792,1,True,renders/d2-tala/basic_010.svg
basic_010,basic,10,basic-10-png-primary,d2-tala-previous,png,2.0,True,True,20,20,20,0,0,37.344021,36.532666,38.7225,35.655917,36.484021,39.25634375,54.481188100000104,197.035416,1,True,renders/d2-tala-previous/basic_010.png
basic_010,basic,10,basic-10-svg,d2-tala-previous,svg,,True,True,20,20,20,0,0,21.2909375,20.903542,22.559646,20.023959,20.824438,23.26119775,24.97818605,27.644875,1,True,renders/d2-tala-previous/basic_010.svg
basic_100,basic,100,basic-100-png-primary,d2-dagre,png,2.0,True,True,20,20,20,0,0,523.4516665000001,512.103479,531.8270210000001,507.882375,511.67969775,533.98768775,554.60370415,556.457708,1,True,renders/d2-dagre/basic_100.png
basic_100,basic,100,basic-100-svg,d2-dagre,svg,,True,True,20,20,20,0,0,25.855542,25.501520499999998,26.515375,24.812542,25.398489249999997,26.803207750000002,43.47592740000022,336.17825,1,True,renders/d2-dagre/basic_100.svg
basic_100,basic,100,basic-100-png-primary,d2-dagre-previous,png,2.0,True,True,20,20,20,0,0,464.2131455,456.306958,471.5000415,446.498041,454.62083325000003,472.04011425,577.5597937500006,1420.486125,1,True,renders/d2-dagre-previous/basic_100.png
basic_100,basic,100,basic-100-svg,d2-dagre-previous,svg,,True,True,20,20,20,0,0,26.8066665,26.110146,27.8858335,25.214709,25.87272925,27.985958500000002,28.61179135,29.420875,1,True,renders/d2-dagre-previous/basic_100.svg
basic_100,basic,100,basic-100-png-primary,d2-tala,png,2.0,True,True,20,20,20,0,0,371.21360400000003,362.0048745,382.2734995,355.311083,360.200562,387.0854475,404.61426425,442.111833,1,True,renders/d2-tala/basic_100.png
basic_100,basic,100,basic-100-svg,d2-tala,svg,,True,True,20,20,20,0,0,107.464042,97.9937085,109.6939375,95.248291,97.8856775,110.81664574999999,116.7160628,120.438083,1,True,renders/d2-tala/basic_100.svg
basic_100,basic,100,basic-100-png-primary,d2-tala-previous,png,2.0,True,True,20,20,20,0,0,402.125292,383.086958,414.826563,376.61175,382.62894775,420.2580835,432.94792115,466.91525,1,True,renders/d2-tala-previous/basic_100.png
basic_100,basic,100,basic-100-svg,d2-tala-previous,svg,,True,True,20,20,20,0,0,135.893125,124.252167,143.09960764999988,120.53125,123.909677,146.51838500000002,162.0766375,165.48025,1,True,renders/d2-tala-previous/basic_100.svg
fulcro_rad,real-world,19,png-primary,d2-dagre,png,2.0,True,True,20,20,20,0,0,131.351875,128.79029150000002,132.05992132499998,126.109583,128.62698975,132.21901075,137.0024271,138.259792,1,True,renders/d2-dagre/fulcro_rad.png
fulcro_rad,real-world,19,svg,d2-dagre,svg,,True,True,20,20,20,0,0,26.7625205,26.232208,27.304125,25.016875,26.17155225,27.519719000000002,29.960047900000017,49.566583,1,True,renders/d2-dagre/fulcro_rad.svg
fulcro_rad,real-world,19,png-primary,d2-dagre-previous,png,2.0,True,True,20,20,20,0,0,143.2349585,141.789583,147.75622900000002,139.673291,141.74512475,149.89098925,159.15619825000007,258.695417,1,True,renders/d2-dagre-previous/fulcro_rad.png
fulcro_rad,real-world,19,svg,d2-dagre-previous,svg,,True,True,20,20,20,0,0,27.270479,27.0725415,27.604833,25.991333,26.881322750000002,27.76232275,28.88698545,31.192834,1,True,renders/d2-dagre-previous/fulcro_rad.svg
fulcro_rad,real-world,19,png-primary,d2-tala,png,2.0,True,True,20,20,20,0,0,242.261396,236.733854,247.647333,231.91625,233.9591875,248.75543750000003,260.33677294999995,266.144084,1,True,renders/d2-tala/fulcro_rad.png
fulcro_rad,real-world,19,svg,d2-tala,svg,,True,True,20,20,20,0,0,127.03679149999999,121.91877099999999,129.5773335,118.066959,121.619115,130.47550025,154.71782115000002,173.974875,1,True,renders/d2-tala/fulcro_rad.svg
fulcro_rad,real-world,19,png-primary,d2-tala-previous,png,2.0,True,True,20,20,20,0,0,239.376125,232.9861665,245.54485449999999,229.0965,232.850146,248.3196775,290.9273524000003,730.237,1,True,renders/d2-tala-previous/fulcro_rad.png
fulcro_rad,real-world,19,svg,d2-tala-previous,svg,,True,True,20,20,20,0,0,128.191917,122.02166700000001,132.743625,119.683291,121.48805275000001,133.65543725,151.05620175,152.274458,1,True,renders/d2-tala-previous/fulcro_rad.svg
jupyter_aws_eks,real-world,12,png-primary,d2-dagre,png,2.0,True,True,20,20,20,0,0,97.901104,96.4606665,99.83266649999999,94.88475,96.23107300000001,100.6116355,103.76616455000001,104.785791,1,True,renders/d2-dagre/jupyter_aws_eks.png
jupyter_aws_eks,real-world,12,svg,d2-dagre,svg,,True,True,20,20,20,0,0,21.207229499999997,20.5618335,21.927396,20.086,20.48466675,21.95434375,25.105275350000003,26.411209,1,True,renders/d2-dagre/jupyter_aws_eks.svg
jupyter_aws_eks,real-world,12,png-primary,d2-dagre-previous,png,2.0,True,True,20,20,20,0,0,100.2444375,98.949354,101.51070312499998,97.221417,98.88923925,102.31026075,107.90976395000001,122.278,1,True,renders/d2-dagre-previous/jupyter_aws_eks.png
jupyter_aws_eks,real-world,12,svg,d2-dagre-previous,svg,,True,True,20,20,20,0,0,21.67275,21.218771,22.423167,20.366459,21.11497975,22.600917250000002,23.311851800000003,25.751334,1,True,renders/d2-dagre-previous/jupyter_aws_eks.svg
jupyter_aws_eks,real-world,12,png-primary,d2-tala,png,2.0,True,True,20,20,20,0,0,116.9233745,115.449833,119.212792,113.997333,115.303281,119.665146,125.79102465,130.684791,1,True,renders/d2-tala/jupyter_aws_eks.png
jupyter_aws_eks,real-world,12,svg,d2-tala,svg,,True,True,20,20,20,0,0,28.9195,27.722417,29.373125,27.11825,27.687250249999998,29.445073,32.9603372,33.131417,1,True,renders/d2-tala/jupyter_aws_eks.svg
jupyter_aws_eks,real-world,12,png-primary,d2-tala-previous,png,2.0,True,True,20,20,20,0,0,118.37854150000001,116.490146,123.9111455,114.007625,116.25047875,124.45998900000001,158.2897753000001,274.999333,1,True,renders/d2-tala-previous/jupyter_aws_eks.png
jupyter_aws_eks,real-world,12,svg,d2-tala-previous,svg,,True,True,20,20,20,0,0,29.681354,28.701145500000003,31.471542,27.959583,28.618593750000002,31.64426075,33.54311635000002,54.8665,1,True,renders/d2-tala-previous/jupyter_aws_eks.svg
jupyter_k8s_oidc,real-world,23,png-primary,d2-dagre,png,2.0,True,True,20,20,20,0,0,117.387146,114.666917,120.3550835,112.149709,114.54278125,121.59194775,184.80265240000003,213.782125,1,True,renders/d2-dagre/jupyter_k8s_oidc.png
jupyter_k8s_oidc,real-world,23,svg,d2-dagre,svg,,True,True,20,20,20,0,0,20.0962715,19.84875,20.7489375,19.325917,19.80863525,20.9198855,21.9668024,22.553625,1,True,renders/d2-dagre/jupyter_k8s_oidc.svg
jupyter_k8s_oidc,real-world,23,png-primary,d2-dagre-previous,png,2.0,True,True,20,20,20,0,0,124.4464375,123.1026665,126.31728108749996,120.466625,122.91885400000001,127.5194995,139.66630560000007,255.072583,1,True,renders/d2-dagre-previous/jupyter_k8s_oidc.png
jupyter_k8s_oidc,real-world,23,svg,d2-dagre-previous,svg,,True,True,20,20,20,0,0,20.2950205,19.8643955,20.691771,19.197542,19.84121875,20.70006275,22.337366350000003,26.819625,1,True,renders/d2-dagre-previous/jupyter_k8s_oidc.svg
jupyter_k8s_oidc,real-world,23,png-primary,d2-tala,png,2.0,True,True,20,20,20,0,0,126.48108350000001,124.7467705,128.13512550000002,123.202709,124.41758300000001,129.11051075,166.1617327,168.62825,1,True,renders/d2-tala/jupyter_k8s_oidc.png
jupyter_k8s_oidc,real-world,23,svg,d2-tala,svg,,True,True,20,20,20,0,0,32.0299375,31.2990835,33.087625,30.607541,31.278968749999997,33.175021,35.3936274,41.962125,1,True,renders/d2-tala/jupyter_k8s_oidc.svg
jupyter_k8s_oidc,real-world,23,png-primary,d2-tala-previous,png,2.0,True,True,20,20,20,0,0,129.3477705,127.6754995,132.070458,126.36025,127.536416,132.57401025000001,142.8037548,146.19375,1,True,renders/d2-tala-previous/jupyter_k8s_oidc.png
jupyter_k8s_oidc,real-world,23,svg,d2-tala-previous,svg,,True,True,20,20,20,0,0,33.5031665,32.960667,34.3531455,31.979708,32.92166725,34.51272925,40.72555355,41.571292,1,True,renders/d2-tala-previous/jupyter_k8s_oidc.svg
leios_simulator,real-world,20,png-primary,d2-dagre,png,2.0,True,True,20,20,20,0,0,241.0772915,237.696417,246.663292,233.521375,237.177021,248.031313,434.27659645,448.215708,1,True,renders/d2-dagre/leios_simulator.png
leios_simulator,real-world,20,svg,d2-dagre,svg,,True,True,20,20,20,0,0,23.028438,22.9922295,23.7418755,21.8925,22.9592295,23.796469,32.42011040000006,117.815333,1,True,renders/d2-dagre/leios_simulator.svg
leios_simulator,real-world,20,png-primary,d2-dagre-previous,png,2.0,True,True,20,20,20,0,0,236.836375,234.3196875,241.198125,229.817208,234.16723975000002,242.83556275,311.5725896000007,1290.473292,1,True,renders/d2-dagre-previous/leios_simulator.png
leios_simulator,real-world,20,svg,d2-dagre-previous,svg,,True,True,20,20,20,0,0,23.175521,22.687208,24.401729500000002,21.862292,22.597853999999998,25.105083750000002,28.520362800000004,36.670333,1,True,renders/d2-dagre-previous/leios_simulator.svg
leios_simulator,real-world,20,png-primary,d2-tala,png,2.0,True,True,20,20,20,0,0,287.4598335,280.310854,296.1193955,276.354834,279.987031,297.52117699999997,310.987825,323.306,1,True,renders/d2-tala/leios_simulator.png
leios_simulator,real-world,20,svg,d2-tala,svg,,True,True,20,20,20,0,0,40.561104,38.555896000000004,41.695833,36.693334,38.40841675,42.1536145,49.95237020000001,59.111875,1,True,renders/d2-tala/leios_simulator.svg
leios_simulator,real-world,20,png-primary,d2-tala-previous,png,2.0,True,True,20,20,20,0,0,289.6896455,283.512417,292.0034375,281.795166,283.22108325,293.911073,300.1929875,314.649375,1,True,renders/d2-tala-previous/leios_simulator.png
leios_simulator,real-world,20,svg,d2-tala-previous,svg,,True,True,20,20,20,0,0,42.423249999999996,40.639395500000006,43.586124999999996,39.462458,40.584103750000004,44.040302,45.82337915,48.792208,1,True,renders/d2-tala-previous/leios_simulator.svg
lion_reader_frontend,real-world,19,png-primary,d2-dagre,png,2.0,True,True,20,20,20,0,0,401.123,396.91389549999997,405.2379585,392.722709,395.60052099999996,405.974188,428.70488305,431.750584,1,True,renders/d2-dagre/lion_reader_frontend.png
lion_reader_frontend,real-world,19,svg,d2-dagre,svg,,True,True,20,20,20,0,0,28.752583,27.554521,30.116979,26.753666,27.406448,30.59940625,34.470200000000006,37.286,1,True,renders/d2-dagre/lion_reader_frontend.svg
lion_reader_frontend,real-world,19,png-primary,d2-dagre-previous,png,2.0,True,True,20,20,20,0,0,426.61287500000003,421.4650415,433.36775,405.535,419.59278125000003,435.30030225,470.4330622,526.216667,1,True,renders/d2-dagre-previous/lion_reader_frontend.png
lion_reader_frontend,real-world,19,svg,d2-dagre-previous,svg,,True,True,20,20,20,0,0,28.874146,28.311312,29.2836875,27.070125,28.230062,29.52678125,31.746400000000005,37.171375,1,True,renders/d2-dagre-previous/lion_reader_frontend.svg
lion_reader_frontend,real-world,19,png-primary,d2-tala,png,2.0,True,True,20,20,20,0,0,336.204708,329.627979,345.3685625,323.87425,329.20611475,350.823552,377.07836105,420.436875,1,True,renders/d2-tala/lion_reader_frontend.png
lion_reader_frontend,real-world,19,svg,d2-tala,svg,,True,True,20,20,20,0,0,101.1994375,96.480167,105.82599684999994,94.46625,96.16727125,108.38430175,117.74638990000001,123.82825,1,True,renders/d2-tala/lion_reader_frontend.svg
lion_reader_frontend,real-world,19,png-primary,d2-tala-previous,png,2.0,True,True,20,20,20,0,0,339.750042,332.0209165,343.25964550000003,326.7395,331.36897899999997,345.782854,429.7694250000007,1361.832,1,True,renders/d2-tala-previous/lion_reader_frontend.png
lion_reader_frontend,real-world,19,svg,d2-tala-previous,svg,,True,True,20,20,20,0,0,103.929687,98.8023125,108.9031875,95.933375,98.31348925,109.52015625,141.12995145000033,565.794875,1,True,renders/d2-tala-previous/lion_reader_frontend.svg
mocha_soc,real-world,34,png-primary,d2-dagre,png,2.0,True,True,20,20,20,0,0,431.5463545,426.3189585,443.584041,419.492083,425.48710425,444.49957225,498.8487413500005,1198.709625,1,True,renders/d2-dagre/mocha_soc.png
mocha_soc,real-world,34,svg,d2-dagre,svg,,True,True,20,20,20,0,0,28.9212505,28.579667,29.296771,27.369792,28.4767605,29.6507395,32.47873810000001,44.722416,1,True,renders/d2-dagre/mocha_soc.svg
mocha_soc,real-world,34,png-primary,d2-dagre-previous,png,2.0,True,True,20,20,20,0,0,432.948958,428.9431045,446.32677049999995,422.672375,427.421625,448.536604,477.22937770000004,494.230458,1,True,renders/d2-dagre-previous/mocha_soc.png
mocha_soc,real-world,34,svg,d2-dagre-previous,svg,,True,True,20,20,20,0,0,30.0464585,29.380041499999997,31.575099974999993,28.658875,29.321302,31.9035525,34.40918395,36.021333,1,True,renders/d2-dagre-previous/mocha_soc.svg
mocha_soc,real-world,34,png-primary,d2-tala,png,2.0,True,True,20,20,20,0,0,417.047625,404.551292,425.99233300000003,399.163083,404.01568775,429.9955625,501.68749520000006,538.047875,1,True,renders/d2-tala/mocha_soc.png
mocha_soc,real-world,34,svg,d2-tala,svg,,True,True,20,20,20,0,0,218.5701455,205.461063,226.8146035,201.976709,205.30221899999998,228.74552025,285.52683155000057,1059.119708,1,True,renders/d2-tala/mocha_soc.svg
mocha_soc,real-world,34,png-primary,d2-tala-previous,png,2.0,True,True,20,20,20,0,0,452.7181875,435.593521,476.0610935875,427.861125,434.90188575,477.810083,502.1798934500001,698.365542,1,True,renders/d2-tala-previous/mocha_soc.png
mocha_soc,real-world,34,svg,d2-tala-previous,svg,,True,True,20,20,20,0,0,228.3401045,216.4248955,244.010479,211.14475,215.9086875,245.5215415,255.63361075000006,347.200667,1,True,renders/d2-tala-previous/mocha_soc.svg
queue_workers,real-world,23,png-primary,d2-dagre,png,2.0,True,True,20,20,20,0,0,556.608521,539.7682085,563.8254124749999,535.430167,539.1925832500001,567.10358325,632.7798937500003,969.068375,1,True,renders/d2-dagre/queue_workers.png
queue_workers,real-world,23,svg,d2-dagre,svg,,True,True,20,20,20,0,0,25.811125,25.273479000000002,26.800229,24.619667,25.1633125,26.83484375,38.53142295000002,69.336084,1,True,renders/d2-dagre/queue_workers.svg
queue_workers,real-world,23,png-primary,d2-dagre-previous,png,2.0,True,True,20,20,20,0,0,551.4712079999999,540.950396,562.6766665,528.266708,538.08225025,564.1312810000001,678.554822600001,1934.758625,1,True,renders/d2-dagre-previous/queue_workers.png
queue_workers,real-world,23,svg,d2-dagre-previous,svg,,True,True,20,20,20,0,0,27.0823545,26.7038955,27.8420625,25.164208,26.6495,28.07849975,31.57942500000002,56.741125,1,True,renders/d2-dagre-previous/queue_workers.svg
queue_workers,real-world,23,png-primary,d2-tala,png,2.0,True,True,20,20,20,0,0,693.939208,680.6743745,708.4005,664.216917,673.5388955000001,711.9414585,778.35991875,820.015875,1,True,renders/d2-tala/queue_workers.png
queue_workers,real-world,23,svg,d2-tala,svg,,True,True,20,20,20,0,0,213.762562,201.6295,224.61560400000002,198.829125,201.3852915,225.45011475,277.4504979000007,1178.791458,1,True,renders/d2-tala/queue_workers.svg
queue_workers,real-world,23,png-primary,d2-tala-previous,png,2.0,True,True,20,20,20,0,0,702.7342285,687.5829375000001,721.7237705,680.015958,686.3654065000001,725.99254125,738.5607354,774.876583,1,True,renders/d2-tala-previous/queue_workers.png
queue_workers,real-world,23,svg,d2-tala-previous,svg,,True,True,20,20,20,0,0,224.438833,217.9635415,236.929792,213.009417,217.73426074999998,240.923709,268.19660145000006,342.361875,1,True,renders/d2-tala-previous/queue_workers.svg
ross_overview,real-world,24,png-primary,d2-dagre,png,2.0,True,True,20,20,20,0,0,494.67733350000003,485.62510399999996,503.24800000000005,477.823625,485.15540599999997,506.79886475,706.7864202000022,3696.923375,1,True,renders/d2-dagre/ross_overview.png
ross_overview,real-world,24,svg,d2-dagre,svg,,True,True,20,20,20,0,0,23.8782085,23.352896,24.406,22.576167,23.337948,24.433083500000002,25.5235524,26.4405,1,True,renders/d2-dagre/ross_overview.svg
ross_overview,real-world,24,png-primary,d2-dagre-previous,png,2.0,True,True,20,20,20,0,0,447.355979,444.1738965,454.9749375,431.967875,443.46329225,460.10709375,468.52368605000004,472.406375,1,True,renders/d2-dagre-previous/ross_overview.png
ross_overview,real-world,24,svg,d2-dagre-previous,svg,,True,True,20,20,20,0,0,24.1859995,23.401021,25.0586045,22.562542,23.32238525,25.44245825,33.21393095000003,67.536917,1,True,renders/d2-dagre-previous/ross_overview.svg
ross_overview,real-world,24,png-primary,d2-tala,png,2.0,True,True,20,20,20,0,0,440.9826255,434.490375,456.756083,426.958125,431.44192725,461.46183299999996,481.21645205000004,589.629541,1,True,renders/d2-tala/ross_overview.png
ross_overview,real-world,24,svg,d2-tala,svg,,True,True,20,20,20,0,0,108.045062,103.77404200000001,111.4182085,100.617166,103.41960449999999,111.794469,128.83433365000005,182.6075,1,True,renders/d2-tala/ross_overview.svg
ross_overview,real-world,24,png-primary,d2-tala-previous,png,2.0,True,True,20,20,20,0,0,471.630854,461.77885449999997,477.513291,455.002417,461.201146,480.21647874999996,516.0413500000001,581.20375,1,True,renders/d2-tala-previous/ross_overview.png
ross_overview,real-world,24,svg,d2-tala-previous,svg,,True,True,20,20,20,0,0,115.6702085,110.688396,120.78649999999999,108.997417,110.5057295,121.36246875,150.13837885000007,232.60875,1,True,renders/d2-tala-previous/ross_overview.svg
spyre_encoder,real-world,32,png-primary,d2-dagre,png,2.0,True,True,20,20,20,0,0,317.73841649999997,313.9018745,322.39660449999997,307.62225,312.87512475,325.90288575,389.2076250000007,1273.2325,1,True,renders/d2-dagre/spyre_encoder.png
spyre_encoder,real-world,32,svg,d2-dagre,svg,,True,True,20,20,20,0,0,30.331563000000003,30.1335835,32.1591045,28.816208,30.07211475,32.417500249999996,34.07811460000002,57.400417,1,True,renders/d2-dagre/spyre_encoder.svg
spyre_encoder,real-world,32,png-primary,d2-dagre-previous,png,2.0,True,True,20,20,20,0,0,320.187063,314.6935835,323.62875019999996,310.341833,313.73771925,324.489198,350.74818365,359.376875,1,True,renders/d2-dagre-previous/spyre_encoder.png
spyre_encoder,real-world,32,svg,d2-dagre-previous,svg,,True,True,20,20,20,0,0,34.0378955,33.4594995,34.7355625,31.825958,33.3788225,35.40011425,42.62866070000001,62.165291,1,True,renders/d2-dagre-previous/spyre_encoder.svg
spyre_encoder,real-world,32,png-primary,d2-tala,png,2.0,True,True,20,20,20,0,0,396.452,390.60749999999996,407.8976665,383.621209,389.2123125,415.74558325,542.1066702000015,2572.520375,1,True,renders/d2-tala/spyre_encoder.png
spyre_encoder,real-world,32,svg,d2-tala,svg,,True,True,20,20,20,0,0,87.99437499999999,86.172521,91.23558349999999,83.909042,85.8255625,91.65537475,123.49298990000003,166.51275,1,True,renders/d2-tala/spyre_encoder.svg
spyre_encoder,real-world,32,png-primary,d2-tala-previous,png,2.0,True,True,20,20,20,0,0,395.0839375,387.2510205,407.07304967499994,384.641958,387.133177,409.91611425,436.42421455000016,668.525166,1,True,renders/d2-tala-previous/spyre_encoder.png
spyre_encoder,real-world,32,svg,d2-tala-previous,svg,,True,True,20,20,20,0,0,86.470083,83.85262499999999,91.68479149999999,82.683208,83.62626075,92.24601025,100.44983330000001,122.686166,1,True,renders/d2-tala-previous/spyre_encoder.svg
tpmjs_architecture,real-world,140,png-supplemental,d2-dagre,png,0.5,False,True,20,20,20,0,0,302.3317295,297.6006455,305.593021,295.713709,297.465187,306.94715625,368.57895145000066,1227.963875,1,True,renders/d2-dagre/tpmjs_architecture.png
tpmjs_architecture,real-world,140,svg,d2-dagre,svg,,True,True,20,20,20,0,0,90.5269375,89.29279149999999,93.501875,86.990917,89.0817395,94.4797815,99.92303720000001,100.926792,1,True,renders/d2-dagre/tpmjs_architecture.svg
tpmjs_architecture,real-world,140,png-supplemental,d2-dagre-previous,png,0.5,False,True,20,20,20,0,0,367.29281249999997,360.4651255,373.157167,353.269041,359.42776100000003,375.55494775,419.94613575000017,607.596667,1,True,renders/d2-dagre-previous/tpmjs_architecture.png
tpmjs_architecture,real-world,140,svg,d2-dagre-previous,svg,,True,True,20,20,20,0,0,123.445583,120.940812,126.14225,117.329875,120.454583,126.91263525000001,136.43310035000002,137.016084,1,True,renders/d2-dagre-previous/tpmjs_architecture.svg
tpmjs_architecture,real-world,140,png-supplemental,d2-tala,png,0.5,False,True,20,20,20,0,0,2780.046312,2630.7026665000003,2854.388667,2587.436958,2625.63667675,2902.502625,3393.167762500003,7399.572125,1,True,renders/d2-tala/tpmjs_architecture.png
tpmjs_architecture,real-world,140,svg,d2-tala,svg,,True,True,20,20,20,0,0,2675.0996455000004,2499.656667,2750.243583,2482.122542,2497.057188,2801.65791675,3052.325735750001,4752.211917,1,True,renders/d2-tala/tpmjs_architecture.svg
tpmjs_architecture,real-world,140,png-supplemental,d2-tala-previous,png,0.5,False,True,20,20,20,0,0,3795.295458,3593.2248124999996,3904.108400524998,3521.043042,3588.2085417499998,3940.77315575,4131.70794855,4202.71075,1,True,renders/d2-tala-previous/tpmjs_architecture.png
tpmjs_architecture,real-world,140,svg,d2-tala-previous,svg,,True,True,20,20,20,0,0,3572.4689375,3436.1919374999998,3637.948104,3372.617542,3424.69519775,3710.76326075,4492.664004500004,10147.813792,1,True,renders/d2-tala-previous/tpmjs_architecture.svg
