fixture,category,node_count,group,tool,format,raster_density,primary,eligible,expected_measured,measured_attempts,successes,failures,missing_measurements,median_ms,ci95_low_ms,ci95_high_ms,min_ms,q25_ms,q75_ms,p95_ms,max_ms,measured_output_hash_count,output_stable,output
basic_002,basic,2,basic-2-png-primary,d2-dagre,png,2.0,True,True,20,20,20,0,0,21.152208,20.3516455,22.005084,19.277958,20.149104,22.420313,25.566280650000003,32.170959,1,True,renders/d2-dagre/basic_002.png
basic_002,basic,2,basic-2-svg,d2-dagre,svg,,True,True,20,20,20,0,0,17.6383545,16.8217715,18.5576875,16.331292,16.746979500000002,18.73656275,35.21005830000004,91.752791,1,True,renders/d2-dagre/basic_002.svg
basic_002,basic,2,basic-2-png-primary,d2-tala,png,2.0,True,True,20,20,20,0,0,26.8314165,24.6017705,30.865021,23.041167,24.45352025,32.7891775,41.78725805,42.006709,1,True,renders/d2-tala/basic_002.png
basic_002,basic,2,basic-2-svg,d2-tala,svg,,True,True,20,20,20,0,0,20.924875,20.5244375,22.4029995,19.902666,20.446146,22.7293955,26.987072600000005,34.47525,1,True,renders/d2-tala/basic_002.svg
basic_002,basic,2,basic-2-png-primary,mermaid-dagre,png,2.0,True,True,20,20,20,0,0,404.014625,392.47829149999995,417.16295849999995,383.408209,391.8033435,421.3735315,483.31287645000026,829.143,1,True,renders/mermaid-dagre/basic_002.png
basic_002,basic,2,basic-2-svg,mermaid-dagre,svg,,True,True,20,20,20,0,0,368.755604,350.341521,376.73353559999987,336.418209,345.9006045,378.96116625,399.17039819999997,400.521416,1,True,renders/mermaid-dagre/basic_002.svg
basic_002,basic,2,basic-2-png-primary,graphviz-dot,png,2.0,True,True,20,20,20,0,0,68.55152100000001,67.2504375,73.45679200000001,64.14075,66.210125,75.29307325,117.45341455000042,656.667041,1,True,renders/graphviz-dot/basic_002.png
basic_002,basic,2,basic-2-svg,graphviz-dot,svg,,True,True,20,20,20,0,0,66.5888955,64.601227725,68.4219375,60.345584,64.07927049999999,68.65081225,84.5116247,89.796792,1,True,renders/graphviz-dot/basic_002.svg
basic_002,basic,2,basic-2-png-primary,plantuml-dot,png,2.0,True,True,20,20,20,0,0,905.7279165,889.0421670000001,912.872292,864.758667,886.9484687500001,913.7644275,1013.2282264500001,1070.84925,1,True,renders/plantuml-dot/basic_002.png
basic_002,basic,2,basic-2-svg,plantuml-dot,svg,,True,True,20,20,20,0,0,856.75525,840.690542,870.9864795000001,815.559083,837.481417,873.7516875,942.2109018,954.443459,1,True,renders/plantuml-dot/basic_002.svg
basic_010,basic,10,basic-10-png-primary,d2-dagre,png,2.0,True,True,20,20,20,0,0,41.262603999999996,40.6888335,42.728729,39.702667,40.61865675,43.3272185,49.05434440000001,64.682042,1,True,renders/d2-dagre/basic_010.png
basic_010,basic,10,basic-10-svg,d2-dagre,svg,,True,True,20,20,20,0,0,18.394666,17.8538545,19.7758745,16.148209,17.825521000000002,20.313968250000002,32.897671450000004,33.801833,1,True,renders/d2-dagre/basic_010.svg
basic_010,basic,10,basic-10-png-primary,d2-tala,png,2.0,True,True,20,20,20,0,0,38.062271,36.637499500000004,39.1965,35.38725,36.576499749999996,39.72325,59.35906220000003,100.037667,1,True,renders/d2-tala/basic_010.png
basic_010,basic,10,basic-10-svg,d2-tala,svg,,True,True,20,20,20,0,0,22.439312,20.90925,23.249499999999998,19.42625,20.76566675,23.5640935,77.3823375,78.953875,1,True,renders/d2-tala/basic_010.svg
basic_010,basic,10,basic-10-png-primary,mermaid-dagre,png,2.0,True,True,20,20,20,0,0,415.93327050000005,412.79445899999996,426.172042,409.77,412.1105735,428.03368775,450.9356348,460.273542,1,True,renders/mermaid-dagre/basic_010.png
basic_010,basic,10,basic-10-svg,mermaid-dagre,svg,,True,True,20,20,20,0,0,369.366604,358.50714600000003,378.54233350000004,349.696042,356.9711355,381.16953125,441.2244006,464.992291,1,True,renders/mermaid-dagre/basic_010.svg
basic_010,basic,10,basic-10-png-primary,graphviz-dot,png,2.0,True,True,20,20,20,0,0,87.5723955,84.96025,99.15216649999999,82.079417,84.75883350000001,102.3734895,149.5876836500003,535.755875,1,True,renders/graphviz-dot/basic_010.png
basic_010,basic,10,basic-10-svg,graphviz-dot,svg,,True,True,20,20,20,0,0,65.69475,63.551292000000004,70.38275,61.483625,63.324656250000004,74.94317725,85.56318335,86.597417,1,True,renders/graphviz-dot/basic_010.svg
basic_010,basic,10,basic-10-png-primary,plantuml-dot,png,2.0,True,True,20,20,20,0,0,951.4869795,938.886354,972.573083,912.087292,937.4311145,974.8694475,1019.4458423,1023.471625,1,True,renders/plantuml-dot/basic_010.png
basic_010,basic,10,basic-10-svg,plantuml-dot,svg,,True,True,20,20,20,0,0,854.9406035,845.3814087000001,881.3424170000001,829.34375,843.93191675,889.61225025,949.04084135,975.980625,1,True,renders/plantuml-dot/basic_010.svg
basic_100,basic,100,basic-100-png-primary,d2-dagre,png,2.0,True,True,20,20,20,0,0,468.1280415,456.8879165,479.954479,445.306875,455.7142915,486.25212525,520.5613399,530.036125,1,True,renders/d2-dagre/basic_100.png
basic_100,basic,100,basic-100-svg,d2-dagre,svg,,True,True,20,20,20,0,0,27.6678335,26.1760415,40.505084,25.378416,26.149052,41.26634425,105.97489100000014,306.901791,1,True,renders/d2-dagre/basic_100.svg
basic_100,basic,100,basic-100-png-primary,d2-tala,png,2.0,True,True,20,20,20,0,0,392.3440415,382.262479,404.718125,375.251584,381.3038955,410.00521875000004,451.71294435000004,522.634916,1,True,renders/d2-tala/basic_100.png
basic_100,basic,100,basic-100-svg,d2-tala,svg,,True,True,20,20,20,0,0,127.4256665,124.7505835,130.77875,120.847792,124.18153125,132.538521,146.94846425000003,178.065833,1,True,renders/d2-tala/basic_100.svg
basic_100,basic,100,basic-100-png-primary,mermaid-dagre,png,2.0,True,True,20,20,20,0,0,748.0990625,738.561896,767.8189995,723.164959,737.34118775,768.8130725,790.07766185,835.979208,1,True,renders/mermaid-dagre/basic_100.png
basic_100,basic,100,basic-100-svg,mermaid-dagre,svg,,True,True,20,20,20,0,0,506.75627099999997,495.5953955,513.272125,485.180458,492.3145725,514.064677,541.4803583,569.236666,1,True,renders/mermaid-dagre/basic_100.svg
basic_100,basic,100,basic-100-png-primary,graphviz-dot,png,2.0,True,True,20,20,20,0,0,317.85785450000003,312.639604,328.71052099999997,304.896708,309.84147925,331.07262525,356.7919503,369.961958,1,True,renders/graphviz-dot/basic_100.png
basic_100,basic,100,basic-100-svg,graphviz-dot,svg,,True,True,20,20,20,0,0,68.684146,66.837458,70.519521,63.320084,66.78091625,71.47279175,85.221175,88.5875,1,True,renders/graphviz-dot/basic_100.svg
basic_100,basic,100,basic-100-png-primary,plantuml-dot,png,2.0,True,True,20,20,20,0,0,1339.1804579999998,1316.2065,1356.9712715,1249.606667,1306.25611475,1358.7217192500002,1401.0187982500001,1461.944792,1,True,renders/plantuml-dot/basic_100.png
basic_100,basic,100,basic-100-svg,plantuml-dot,svg,,True,True,20,20,20,0,0,929.6461039999999,917.5797085,940.589521,896.433917,916.8038335000001,944.92123925,977.6544431500002,1217.415959,1,True,renders/plantuml-dot/basic_100.svg
fulcro_rad,real-world,19,png-primary,d2-dagre,png,2.0,True,True,20,20,20,0,0,149.20325,141.988146,156.94489650000003,139.35625,141.4150415,157.9146775,217.29803330000001,236.745166,1,True,renders/d2-dagre/fulcro_rad.png
fulcro_rad,real-world,19,svg,d2-dagre,svg,,True,True,20,20,20,0,0,27.1618545,26.466020999999998,27.8376255,25.185292,26.38824975,28.521094249999997,60.439879150000095,183.643083,1,True,renders/d2-dagre/fulcro_rad.svg
fulcro_rad,real-world,19,png-primary,d2-tala,png,2.0,True,True,20,20,20,0,0,238.665875,233.8576455,244.4245,227.937,233.4517085,246.05276025,253.33362500000004,287.680875,1,True,renders/d2-tala/fulcro_rad.png
fulcro_rad,real-world,19,svg,d2-tala,svg,,True,True,20,20,20,0,0,127.001,123.632229,134.72952049999998,119.003459,123.12044775,136.36543749999998,145.76572915000003,150.322958,1,True,renders/d2-tala/fulcro_rad.svg
fulcro_rad,real-world,19,png-primary,mermaid-dagre,png,2.0,True,True,20,20,20,0,0,535.4213125,530.406354,559.748916,511.890959,528.7374687500001,560.85880175,689.58382885,723.083125,1,True,renders/mermaid-dagre/fulcro_rad.png
fulcro_rad,real-world,19,svg,mermaid-dagre,svg,,True,True,20,20,20,0,0,394.3909375,389.6792915,412.5914795,384.546416,389.3288855,413.4195525,432.9229024,433.136375,1,True,renders/mermaid-dagre/fulcro_rad.svg
fulcro_rad,real-world,19,png-primary,graphviz-dot,png,2.0,True,True,20,20,20,0,0,209.1227295,207.0707085,223.8194165,203.611458,206.341927,225.58698925,234.66925835,250.149667,1,True,renders/graphviz-dot/fulcro_rad.png
fulcro_rad,real-world,19,svg,graphviz-dot,svg,,True,True,20,20,20,0,0,80.3060835,75.7948955,86.76779149999999,74.190166,75.34462450000001,88.71659375,90.3445607,91.100166,1,True,renders/graphviz-dot/fulcro_rad.svg
fulcro_rad,real-world,19,png-primary,plantuml-dot,png,2.0,True,True,20,20,20,0,0,1196.030062,1173.124896,1222.7852637125,1137.3575,1172.4575,1229.7625727500001,1554.1640753500008,2441.787709,1,True,renders/plantuml-dot/fulcro_rad.png
fulcro_rad,real-world,19,svg,plantuml-dot,svg,,True,True,20,20,20,0,0,887.727396,877.8806455,900.921708,854.106542,876.8173850000001,903.3346455,954.33061105,1070.224,1,True,renders/plantuml-dot/fulcro_rad.svg
jupyter_aws_eks,real-world,12,png-primary,d2-dagre,png,2.0,True,True,20,20,20,0,0,103.7315625,99.04733350000001,113.72158350000001,96.690334,98.5018225,116.07826075,127.80879375000002,167.400875,1,True,renders/d2-dagre/jupyter_aws_eks.png
jupyter_aws_eks,real-world,12,svg,d2-dagre,svg,,True,True,20,20,20,0,0,22.468895500000002,21.262604,23.596125,20.139292,21.09913525,23.879979,26.679721450000006,35.638458,1,True,renders/d2-dagre/jupyter_aws_eks.svg
jupyter_aws_eks,real-world,12,png-primary,d2-tala,png,2.0,True,True,20,20,20,0,0,117.670875,116.3277081375,119.966917,114.38475,115.92434374999999,121.18060425,140.12122115000003,163.04575,1,True,renders/d2-tala/jupyter_aws_eks.png
jupyter_aws_eks,real-world,12,svg,d2-tala,svg,,True,True,20,20,20,0,0,29.639833,28.254646,35.9540415,27.560792,28.15390675,40.31551,61.487355950000044,118.309667,1,True,renders/d2-tala/jupyter_aws_eks.svg
jupyter_aws_eks,real-world,12,png-primary,mermaid-dagre,png,2.0,True,True,20,20,20,0,0,516.7412915,508.411688,535.1758540000001,489.57425,506.34342725,536.99292725,588.8911812500002,798.412375,1,True,renders/mermaid-dagre/jupyter_aws_eks.png
jupyter_aws_eks,real-world,12,svg,mermaid-dagre,svg,,True,True,20,20,20,0,0,399.851229,392.39131299999997,413.97533350000003,379.666209,390.576063,418.47781275,449.17704825,456.373417,1,True,renders/mermaid-dagre/jupyter_aws_eks.svg
jupyter_aws_eks,real-world,12,png-primary,graphviz-dot,png,2.0,True,True,20,20,20,0,0,171.47397899999999,170.4401875,176.17543799999999,163.525542,170.2864795,178.76871925,194.6314333,197.667791,1,True,renders/graphviz-dot/jupyter_aws_eks.png
jupyter_aws_eks,real-world,12,svg,graphviz-dot,svg,,True,True,20,20,20,0,0,77.4870205,75.273146,84.423271,73.475292,75.1963545,85.87109425,92.95780805,93.396709,1,True,renders/graphviz-dot/jupyter_aws_eks.svg
jupyter_aws_eks,real-world,12,png-primary,plantuml-dot,png,2.0,True,True,20,20,20,0,0,1163.3594375,1154.712604,1178.9108125,1139.985417,1154.394323,1184.84394775,1225.77297435,1252.359833,1,True,renders/plantuml-dot/jupyter_aws_eks.png
jupyter_aws_eks,real-world,12,svg,plantuml-dot,svg,,True,True,20,20,20,0,0,879.088083,862.759854,888.1877295,848.524125,861.418083,889.86884375,1006.1560181000001,1148.641333,1,True,renders/plantuml-dot/jupyter_aws_eks.svg
jupyter_k8s_oidc,real-world,23,png-primary,d2-dagre,png,2.0,True,True,20,20,20,0,0,126.2723125,123.3277085,140.908312,120.25825,123.0803125,144.154177,150.80098365,178.75125,1,True,renders/d2-dagre/jupyter_k8s_oidc.png
jupyter_k8s_oidc,real-world,23,svg,d2-dagre,svg,,True,True,20,20,20,0,0,21.191375,20.493896,26.887125,18.508916,20.3249685,28.07462475,32.170775,35.67675,1,True,renders/d2-dagre/jupyter_k8s_oidc.svg
jupyter_k8s_oidc,real-world,23,png-primary,d2-tala,png,2.0,True,True,20,20,20,0,0,127.5090625,125.7736045,129.412021,124.98425,125.6734165,130.94070825,150.44086605,154.446542,1,True,renders/d2-tala/jupyter_k8s_oidc.png
jupyter_k8s_oidc,real-world,23,svg,d2-tala,svg,,True,True,20,20,20,0,0,34.691271,34.03825,42.296979,32.207625,33.7992085,46.2806665,50.39551635,53.4675,1,True,renders/d2-tala/jupyter_k8s_oidc.svg
jupyter_k8s_oidc,real-world,23,png-primary,mermaid-dagre,png,2.0,True,True,20,20,20,0,0,662.182896,646.7605194250001,676.5281875000001,635.860417,645.0892605,678.69638575,693.1938895999999,708.873917,1,True,renders/mermaid-dagre/jupyter_k8s_oidc.png
jupyter_k8s_oidc,real-world,23,svg,mermaid-dagre,svg,,True,True,20,20,20,0,0,432.5377085,419.9570835,435.49677099999997,410.283292,419.01953125,436.912646,452.7323211500001,569.449875,1,True,renders/mermaid-dagre/jupyter_k8s_oidc.svg
jupyter_k8s_oidc,real-world,23,png-primary,graphviz-dot,png,2.0,True,True,20,20,20,0,0,299.293146,292.9642915,307.077979,285.933042,292.253354,308.043,323.07931105,389.24875,1,True,renders/graphviz-dot/jupyter_k8s_oidc.png
jupyter_k8s_oidc,real-world,23,svg,graphviz-dot,svg,,True,True,20,20,20,0,0,78.22981250000001,75.83962483750001,80.9569585,73.77475,75.58170774999999,81.8035,95.84633125,99.020875,1,True,renders/graphviz-dot/jupyter_k8s_oidc.svg
jupyter_k8s_oidc,real-world,23,png-primary,plantuml-dot,png,2.0,True,True,20,20,20,0,0,1247.394125,1233.1152914999998,1270.1504375,1210.329833,1231.59135425,1282.531802,1360.09568715,1406.386416,1,True,renders/plantuml-dot/jupyter_k8s_oidc.png
jupyter_k8s_oidc,real-world,23,svg,plantuml-dot,svg,,True,True,20,20,20,0,0,885.2748750000001,879.8616875,903.2472495,859.916125,877.04578125,906.2218015,944.99322915,974.677958,1,True,renders/plantuml-dot/jupyter_k8s_oidc.svg
leios_simulator,real-world,20,png-primary,d2-dagre,png,2.0,True,True,20,20,20,0,0,239.019354,235.23872899999998,247.7614795,230.002208,233.92778099999998,250.79983349999998,278.84445805,298.735084,1,True,renders/d2-dagre/leios_simulator.png
leios_simulator,real-world,20,svg,d2-dagre,svg,,True,True,20,20,20,0,0,24.228624500000002,23.4625625,26.430249500000002,21.41175,23.346667,27.288353750000002,45.20967500000005,106.062875,1,True,renders/d2-dagre/leios_simulator.svg
leios_simulator,real-world,20,png-primary,d2-tala,png,2.0,True,True,20,20,20,0,0,295.038187,289.034313,311.82020850000004,274.082375,288.577021,312.39153125,336.90264195000015,474.020416,1,True,renders/d2-tala/leios_simulator.png
leios_simulator,real-world,20,svg,d2-tala,svg,,True,True,20,20,20,0,0,43.104833,41.683896000000004,58.9978335,39.1265,41.31906275,59.478021,62.488776750000014,80.321583,1,True,renders/d2-tala/leios_simulator.svg
leios_simulator,real-world,20,png-primary,mermaid-dagre,png,2.0,True,True,20,20,20,0,0,651.44,640.9870989625,667.7602221999999,634.688375,638.6347087500001,669.0060629999999,715.0442458500003,1051.320417,1,True,renders/mermaid-dagre/leios_simulator.png
leios_simulator,real-world,20,svg,mermaid-dagre,svg,,True,True,20,20,20,0,0,408.643937,396.45241699999997,432.690417,386.718042,395.44048999999995,435.81121874999997,452.1772479,459.703583,1,True,renders/mermaid-dagre/leios_simulator.svg
leios_simulator,real-world,20,png-primary,graphviz-dot,png,2.0,True,True,20,20,20,0,0,309.11504149999996,307.522844975,315.515125,302.932167,306.666291,315.7941875,327.34950595,329.803792,1,True,renders/graphviz-dot/leios_simulator.png
leios_simulator,real-world,20,svg,graphviz-dot,svg,,True,True,20,20,20,0,0,77.177417,74.4882915,80.397104,70.731042,74.17571825,81.00082275,94.91900805,98.439709,1,True,renders/graphviz-dot/leios_simulator.svg
leios_simulator,real-world,20,png-primary,plantuml-dot,png,2.0,True,True,20,20,20,0,0,1219.6883335000002,1203.8084170000002,1257.369937,1175.926542,1200.96802075,1266.18845775,2302.1484503,2521.565833,1,True,renders/plantuml-dot/leios_simulator.png
leios_simulator,real-world,20,svg,plantuml-dot,svg,,True,True,20,20,20,0,0,903.8696045,885.782958,913.0616454999999,862.01825,884.42135425,915.98528075,1006.4786125000002,1213.364625,1,True,renders/plantuml-dot/leios_simulator.svg
lion_reader_frontend,real-world,19,png-primary,d2-dagre,png,2.0,True,True,20,20,20,0,0,409.856396,406.280208,412.83222950000004,400.667625,406.14293725000005,417.94691675,501.02685595,558.984417,1,True,renders/d2-dagre/lion_reader_frontend.png
lion_reader_frontend,real-world,19,svg,d2-dagre,svg,,True,True,20,20,20,0,0,28.836271,28.079521,30.4245005,27.181459,28.0479165,31.16500025,62.42418300000004,110.564958,1,True,renders/d2-dagre/lion_reader_frontend.svg
lion_reader_frontend,real-world,19,png-primary,d2-tala,png,2.0,True,True,20,20,20,0,0,337.936583,330.957125,346.825875,324.613541,330.15209375,347.90247875,361.4450791500001,464.124958,1,True,renders/d2-tala/lion_reader_frontend.png
lion_reader_frontend,real-world,19,svg,d2-tala,svg,,True,True,20,20,20,0,0,103.835021,100.31145849999999,108.5876875,96.428583,99.60170875,111.22271875,123.79491664999999,128.068333,1,True,renders/d2-tala/lion_reader_frontend.svg
lion_reader_frontend,real-world,19,png-primary,mermaid-dagre,png,2.0,True,True,20,20,20,0,0,635.9529585,619.885916,647.1449789999999,594.678,617.92605225,647.38182275,685.7499375000001,762.838875,1,True,renders/mermaid-dagre/lion_reader_frontend.png
lion_reader_frontend,real-world,19,svg,mermaid-dagre,svg,,True,True,20,20,20,0,0,418.1186665,396.871063,441.9770415,385.117167,395.3021565,451.3466975,481.388575,485.57475,1,True,renders/mermaid-dagre/lion_reader_frontend.svg
lion_reader_frontend,real-world,19,png-primary,graphviz-dot,png,2.0,True,True,20,20,20,0,0,289.14437499999997,284.01916700000004,303.34806249999997,279.248958,283.17809425,306.44400025,472.77175655000013,708.561083,1,True,renders/graphviz-dot/lion_reader_frontend.png
lion_reader_frontend,real-world,19,svg,graphviz-dot,svg,,True,True,20,20,20,0,0,76.8505205,75.66495800000001,79.17775,72.95825,75.49277075,80.41740625,124.1437583,124.975166,1,True,renders/graphviz-dot/lion_reader_frontend.svg
lion_reader_frontend,real-world,19,png-primary,plantuml-dot,png,2.0,True,True,20,20,20,0,0,1280.4601665,1258.842521,1294.9707705,1234.043083,1257.166479,1296.38624975,1359.41820625,1432.453375,1,True,renders/plantuml-dot/lion_reader_frontend.png
lion_reader_frontend,real-world,19,svg,plantuml-dot,svg,,True,True,20,20,20,0,0,893.149083,887.676417,904.363,859.242792,884.517146,907.87263525,925.1976336500001,955.30725,1,True,renders/plantuml-dot/lion_reader_frontend.svg
mocha_soc,real-world,34,png-primary,d2-dagre,png,2.0,True,True,20,20,20,0,0,427.223208,423.8420205,446.594375,416.529875,423.55355175,450.61232275,465.86462295,471.170334,1,True,renders/d2-dagre/mocha_soc.png
mocha_soc,real-world,34,svg,d2-dagre,svg,,True,True,20,20,20,0,0,30.358375000000002,29.6283125,33.18574514999998,28.113666,29.43250025,36.376198,158.98777950000024,471.568417,1,True,renders/d2-dagre/mocha_soc.svg
mocha_soc,real-world,34,png-primary,d2-tala,png,2.0,True,True,20,20,20,0,0,448.131396,436.428854,459.8078335,429.375042,435.78736475000005,461.6232605,482.4690875,508.21575,1,True,renders/d2-tala/mocha_soc.png
mocha_soc,real-world,34,svg,d2-tala,svg,,True,True,20,20,20,0,0,219.7628755,217.0340625,228.06062450000002,212.672875,216.69835425,228.5308955,241.95838125000003,265.99825,1,True,renders/d2-tala/mocha_soc.svg
mocha_soc,real-world,34,png-primary,mermaid-dagre,png,2.0,True,True,20,20,20,0,0,857.7344370000001,808.537354,880.577896,778.900291,803.8075934999999,893.0791039999999,1242.05166635,1248.138,1,True,renders/mermaid-dagre/mocha_soc.png
mocha_soc,real-world,34,svg,mermaid-dagre,svg,,True,True,20,20,20,0,0,414.5221665,403.1277505,429.34652100000005,393.932959,402.69968774999995,434.36106275000003,511.12959025,516.995959,1,True,renders/mermaid-dagre/mocha_soc.svg
mocha_soc,real-world,34,png-primary,graphviz-dot,png,2.0,True,True,20,20,20,0,0,511.8792085,505.962333,518.970291,492.987875,504.31038524999997,521.03452075,572.49963815,574.669042,1,True,renders/graphviz-dot/mocha_soc.png
mocha_soc,real-world,34,svg,graphviz-dot,svg,,True,True,20,20,20,0,0,67.499063,65.83416700000001,75.142271,62.068541,64.9288855,79.95879174999999,87.37302050000002,122.657208,1,True,renders/graphviz-dot/mocha_soc.svg
mocha_soc,real-world,34,png-primary,plantuml-dot,png,2.0,True,True,20,20,20,0,0,1979.1421045000002,1914.218813,2013.532479,1862.983833,1901.88996925,2025.68659375,2213.20042325,2249.989292,1,True,renders/plantuml-dot/mocha_soc.png
mocha_soc,real-world,34,svg,plantuml-dot,svg,,True,True,20,20,20,0,0,890.6250215,879.4399995,899.136271,856.266791,877.7656245000001,906.66855225,967.9202045000003,1391.010542,1,True,renders/plantuml-dot/mocha_soc.svg
queue_workers,real-world,23,png-primary,d2-dagre,png,2.0,True,True,20,20,20,0,0,538.1244375,533.835375125,554.002875,519.964416,532.37545875,554.701635,581.2126872,612.711917,1,True,renders/d2-dagre/queue_workers.png
queue_workers,real-world,23,svg,d2-dagre,svg,,True,True,20,20,20,0,0,28.031520999999998,26.3879375,30.207041500000003,25.147792,26.28593725,31.032104,43.162190249999995,43.247334,1,True,renders/d2-dagre/queue_workers.svg
queue_workers,real-world,23,png-primary,d2-tala,png,2.0,True,True,20,20,20,0,0,705.4667085,690.802542,723.2429165,677.80275,689.79540675,732.8363955,796.990033,885.536208,1,True,renders/d2-tala/queue_workers.png
queue_workers,real-world,23,svg,d2-tala,svg,,True,True,20,20,20,0,0,222.396542,217.99208299999998,228.297667,214.846208,217.6215105,228.86833374999998,251.31956904999998,252.448208,1,True,renders/d2-tala/queue_workers.svg
queue_workers,real-world,23,png-primary,mermaid-dagre,png,2.0,True,True,20,20,20,0,0,568.428,553.5952085,588.8810625,536.6595,551.73467725,593.1751145000001,628.8983184000001,776.345166,1,True,renders/mermaid-dagre/queue_workers.png
queue_workers,real-world,23,svg,mermaid-dagre,svg,,True,True,20,20,20,0,0,427.8364375,420.5594165,435.3963125,406.007583,420.25148975,441.90605225,475.34321460000007,562.018167,1,True,renders/mermaid-dagre/queue_workers.svg
queue_workers,real-world,23,png-primary,graphviz-dot,png,2.0,True,True,20,20,20,0,0,313.153604,306.1866455,315.113375,298.276666,304.59220825,316.7046355,329.57715685,347.483666,1,True,renders/graphviz-dot/queue_workers.png
queue_workers,real-world,23,svg,graphviz-dot,svg,,True,True,20,20,20,0,0,78.416125,76.740875,81.099125,73.921625,76.513552,81.2969065,91.2801628,93.120708,1,True,renders/graphviz-dot/queue_workers.svg
queue_workers,real-world,23,png-primary,plantuml-dot,png,2.0,True,True,20,20,20,0,0,1121.7765415,1108.320625,1180.851125,1093.124833,1106.48032325,1184.1481144999998,1312.7071020500002,1398.933416,1,True,renders/plantuml-dot/queue_workers.png
queue_workers,real-world,23,svg,plantuml-dot,svg,,True,True,20,20,20,0,0,895.7021255,883.3745835,913.0543335,865.502417,881.92323975,923.5305315,1027.546034,1033.672584,1,True,renders/plantuml-dot/queue_workers.svg
ross_overview,real-world,24,png-primary,d2-dagre,png,2.0,True,True,20,20,20,0,0,446.333396,436.8621875,455.9096875,422.812041,435.78992725,457.2201145,501.44342085000005,559.774292,1,True,renders/d2-dagre/ross_overview.png
ross_overview,real-world,24,svg,d2-dagre,svg,,True,True,20,20,20,0,0,25.801604,24.5892915,35.312354,22.683625,24.50907225,35.8441355,41.06835625000001,50.651125,1,True,renders/d2-dagre/ross_overview.svg
ross_overview,real-world,24,png-primary,d2-tala,png,2.0,True,True,20,20,20,0,0,469.2343125,461.275584,486.704396,452.697708,460.467792,489.488052,614.1534146000001,723.610792,1,True,renders/d2-tala/ross_overview.png
ross_overview,real-world,24,svg,d2-tala,svg,,True,True,20,20,20,0,0,124.060063,111.793854,127.964,107.615792,111.27818725,129.1787915,162.57782915000004,192.860583,1,True,renders/d2-tala/ross_overview.svg
ross_overview,real-world,24,png-primary,mermaid-dagre,png,2.0,True,True,20,20,20,0,0,521.507417,514.375292,533.094083,488.799708,511.98889625000004,533.6203644999999,827.4428018000001,874.837709,1,True,renders/mermaid-dagre/ross_overview.png
ross_overview,real-world,24,svg,mermaid-dagre,svg,,True,True,20,20,20,0,0,390.8419585,383.13410450000003,402.9579585,376.910375,382.78935425000003,404.3821355,619.9196312500027,4211.810375,1,True,renders/mermaid-dagre/ross_overview.svg
ross_overview,real-world,24,png-primary,graphviz-dot,png,2.0,True,True,20,20,20,0,0,205.27018750000002,201.295792,214.82126543749996,197.547708,201.19150000000002,216.49776075,221.8784559,226.367166,1,True,renders/graphviz-dot/ross_overview.png
ross_overview,real-world,24,svg,graphviz-dot,svg,,True,True,20,20,20,0,0,81.64156249999999,79.077396,90.51731737499999,72.174709,78.32015675,91.58534424999999,105.6574205,111.853083,1,True,renders/graphviz-dot/ross_overview.svg
ross_overview,real-world,24,png-primary,plantuml-dot,png,2.0,True,True,20,20,20,0,0,1142.372104,1124.4915828125,1179.0428124999999,1084.038167,1119.229646,1181.51595825,1290.89850625,1340.521875,1,True,renders/plantuml-dot/ross_overview.png
ross_overview,real-world,24,svg,plantuml-dot,svg,,True,True,20,20,20,0,0,881.775042,874.4314165,898.4811870000001,861.116875,872.81739575,902.258531,922.9114899000001,959.768125,1,True,renders/plantuml-dot/ross_overview.svg
spyre_encoder,real-world,32,png-primary,d2-dagre,png,2.0,True,True,20,20,20,0,0,322.38379150000003,317.54143750000003,331.842958,309.959625,317.04928125,332.712104,446.765279450001,1797.330166,1,True,renders/d2-dagre/spyre_encoder.png
spyre_encoder,real-world,32,svg,d2-dagre,svg,,True,True,20,20,20,0,0,34.638208500000005,33.708479,37.7544165,31.94125,33.62861425,38.71671825,50.78686875,51.029,1,True,renders/d2-dagre/spyre_encoder.svg
spyre_encoder,real-world,32,png-primary,d2-tala,png,2.0,True,True,20,20,20,0,0,397.065521,387.598875,402.868292,380.862833,386.4638545,407.1588545,452.65219375000004,458.2205,1,True,renders/d2-tala/spyre_encoder.png
spyre_encoder,real-world,32,svg,d2-tala,svg,,True,True,20,20,20,0,0,86.6232085,84.441,87.5605005,82.50325,84.099552,87.80559425,99.3136125,104.2795,1,True,renders/d2-tala/spyre_encoder.svg
spyre_encoder,real-world,32,png-primary,mermaid-dagre,png,2.0,True,True,20,20,20,0,0,1712.477104,1668.4166875,1760.991771,1619.852292,1664.96869825,1782.07951075,1871.6507643,1941.089709,1,True,renders/mermaid-dagre/spyre_encoder.png
spyre_encoder,real-world,32,svg,mermaid-dagre,svg,,True,True,20,20,20,0,0,454.7965,444.79975,473.8350415,435.401041,444.40732349999996,475.48106225,535.68213095,556.571167,1,True,renders/mermaid-dagre/spyre_encoder.svg
spyre_encoder,real-world,32,png-primary,graphviz-dot,png,2.0,True,True,20,20,20,0,0,1535.546562,1519.5910414999998,1571.173333,1497.624791,1515.48427075,1580.5610935,1802.04786695,1996.234041,1,True,renders/graphviz-dot/spyre_encoder.png
spyre_encoder,real-world,32,svg,graphviz-dot,svg,,True,True,20,20,20,0,0,98.534709,96.916854,102.83025,89.736792,96.36959399999999,102.93142700000001,120.34779615000001,120.670875,1,True,renders/graphviz-dot/spyre_encoder.svg
spyre_encoder,real-world,32,png-primary,plantuml-dot,png,2.0,True,True,20,20,20,0,0,3417.4123965,3353.0536460000003,3587.8154795,3288.293541,3343.6934060000003,3692.93759375,4831.406116700011,19248.596459,1,True,renders/plantuml-dot/spyre_encoder.png
spyre_encoder,real-world,32,svg,plantuml-dot,svg,,True,True,20,20,20,0,0,939.209979,926.6909585000001,969.5798125,905.058833,925.82857325,981.285896,1191.3790316000002,1437.188959,1,True,renders/plantuml-dot/spyre_encoder.svg
tpmjs_architecture,real-world,140,png-supplemental,d2-dagre,png,0.5,False,True,20,20,20,0,0,367.128375,358.519812,374.96418800000004,348.992541,357.53416625,376.21221925,427.3053535500002,648.067542,1,True,renders/d2-dagre/tpmjs_architecture.png
tpmjs_architecture,real-world,140,svg,d2-dagre,svg,,True,True,20,20,20,0,0,121.7910205,120.6193125,127.166375,116.683958,120.59292675,127.64654150000001,139.48518330000002,154.144791,1,True,renders/d2-dagre/tpmjs_architecture.svg
tpmjs_architecture,real-world,140,png-supplemental,d2-tala,png,0.5,False,True,20,20,20,0,0,3634.1940004999997,3603.397375,3785.127625,3557.195042,3601.52576025,3805.147927,4271.3029191000005,4505.705959,1,True,renders/d2-tala/tpmjs_architecture.png
tpmjs_architecture,real-world,140,svg,d2-tala,svg,,True,True,20,20,20,0,0,3464.9238125,3416.2685205,3492.6780835,3368.967209,3413.3294370000003,3499.24114625,3757.81824795,3923.068334,1,True,renders/d2-tala/tpmjs_architecture.svg
tpmjs_architecture,real-world,140,png-supplemental,mermaid-dagre,png,0.5,False,True,20,20,20,0,0,802.5803745000001,792.1427085,817.642083,765.287208,791.2658644999999,821.9563955000001,878.5689628,887.777708,1,True,renders/mermaid-dagre/tpmjs_architecture.png
tpmjs_architecture,real-world,140,svg,mermaid-dagre,svg,,True,True,20,20,20,0,0,630.5623545000001,619.524375,641.758833,588.317041,613.7720005,642.3419895,685.9250285,846.769291,1,True,renders/mermaid-dagre/tpmjs_architecture.svg
tpmjs_architecture,real-world,140,png-supplemental,graphviz-dot,png,0.5,False,True,20,20,20,0,0,187.336646,184.738729,190.31539550000002,178.705167,183.848802,192.55148925,206.6775819,214.792917,1,True,renders/graphviz-dot/tpmjs_architecture.png
tpmjs_architecture,real-world,140,svg,graphviz-dot,svg,,True,True,20,20,20,0,0,78.930125,75.7851875,86.2835205,72.97575,75.07682299999999,90.629739,97.98979375000005,160.671625,1,True,renders/graphviz-dot/tpmjs_architecture.svg
tpmjs_architecture,real-world,140,png-supplemental,plantuml-dot,png,0.5,False,True,20,20,20,0,0,1387.0015,1366.407604,1412.8777289999998,1348.370583,1364.3201975,1428.29677075,1526.6477667,1645.010959,1,True,renders/plantuml-dot/tpmjs_architecture.png
tpmjs_architecture,real-world,140,svg,plantuml-dot,svg,,True,True,20,20,20,0,0,980.8164165000001,972.2233954999999,1001.295521,936.9205,969.2545935,1009.6325625000001,1105.0670542,1207.744084,1,True,renders/plantuml-dot/tpmjs_architecture.svg
